"vars","n","mean","sd","median","trimmed","mad","min","max","range","skew","kurtosis","se"
1,201,35.3532338308458,15.4874013956522,26,33.7888198757764,7.413,18,75,57,0.705814567370159,-1.01921347954405,1.09239706754656
